Название,Цена,Изображение
Ноутбук Acer Aspire A315-58-34X1 Intel Core i3-1115G4 20GB DDR4 512GB SSD FHD DOS Silver,39900 сом,https://www.kivano.kg/images/product/113152/1667383603_55712700.jpg
Ноутбук Acer Aspire A315-58-37M9 Intel Core i3-1115G4 20GB DDR4 1TB HDD+128GB SSD FHD DOS Electric Blue,41930 сом,https://www.kivano.kg/images/product/115968/1673509466_76517600.jpg
Ноутбук HP Pavilion 15-eg2010nr Intel Core i5-1235U 8GB DDR 512GB SSD Intel UHD Graphics FHD W11 Silver,70800 сом,https://www.kivano.kg/images/product/117760/1677142882_75093200.jpeg
Ноутбук HP 255 G8 AMD Ryzen 5 5500U 12GB DDR4 1TB SSD FHD IPS DOS Gray,50140 сом,https://www.kivano.kg/images/product/118016/1677670933_81270800.jpg
Ноутбук Lenovo Ideapad 3 Intel Core i5-10210U 8GB DDR 128GB SSD NVidia MX330 2GB FHD DOS серый,53300 сом,https://www.kivano.kg/images/product/102145/1641270001_36821200.jpg
Ноутбук Acer Aspire A315-58-37M9 Intel Core i3-1115G4 4GB DDR4 128GB SSD FHD DOS Electric Blue,33030 сом,https://www.kivano.kg/images/product/113153/1667385146_23636700.jpg
Ноутбук Acer Aspire A315-58-37M9 Intel Core i3-1115G4 4GB DDR4 1TB HDD+256GB SSD FHD DOS Electric Blue,37300 сом,https://www.kivano.kg/images/product/115969/1673509559_80281600.jpg
Ноутбук HP 255 G8 AMD Ryzen 5 5500U 16GB DDR4 1TB SSD FHD IPS DOS Gray,51200 сом,https://www.kivano.kg/images/product/118017/1677671018_25870200.jpg
Ноутбук Acer Aspire A315-58-37M9 Intel Core i3-1115G4 8GB DDR4 128GB SSD FHD DOS Electric Blue,34420 сом,https://www.kivano.kg/images/product/113154/1667385214_08802400.jpg
Ноутбук Acer Aspire A315-58-37M9 Intel Core i3-1115G4 8GB DDR4 1TB HDD+256GB SSD FHD DOS Electric Blue,38500 сом,https://www.kivano.kg/images/product/115970/1673509633_59658800.jpg
Ноутбук HP 255 G8 AMD Ryzen 5 5500U 24GB DDR4 1TB SSD FHD IPS DOS Gray,52720 сом,https://www.kivano.kg/images/product/118018/1677671094_26172900.jpg
Ноутбук Lenovo Ideapad 3 Intel Core i5-10210U 8GB DDR 1000GB HDD + 128GB SSD NVidia MX330 2GB FHD DOS серый,55130 сом,https://www.kivano.kg/images/product/102147/1641270173_94246400.jpg
Ноутбук Acer Aspire A315-58-37M9 Intel Core i3-1115G4 12GB DDR4 128GB SSD FHD DOS Electric Blue,35820 сом,https://www.kivano.kg/images/product/113155/1667385281_14197400.jpg
Ноутбук Asus TUF Gaming A15 FA507RE AMD Ryzen 7-6800H 8GB DDR 512GB SSD Nvidia RTX3050Ti 4GB FHD W11 Mecha Gray,88920 сом,https://www.kivano.kg/images/product/115203/1671178761_58444600.jpg
Ноутбук Acer Aspire A315-58-37M9 Intel Core i3-1115G4 12GB DDR4 1TB HDD+256GB SSD FHD DOS Electric Blue,40170 сом,https://www.kivano.kg/images/product/115971/1673509703_18887300.jpg
Ноутбук HP 255 G8 AMD Ryzen 5 5500U 32GB DDR4 1TB SSD FHD IPS DOS Gray,54690 сом,https://www.kivano.kg/images/product/118019/1677671183_53214600.jpg
Ноутбук Acer Aspire A315-58-37M9 Intel Core i3-1115G4 20GB DDR4 128GB SSD FHD DOS Electric Blue,37950 сом,https://www.kivano.kg/images/product/113156/1667385363_05217200.jpg
Ноутбук Asus X515FA-EJ186W Intel Core i3-10110U 4GB DDR4 1TB HDD FHD W11 Silver,31180 сом,https://www.kivano.kg/images/product/114436/1669369705_65745700.jpg
Ноутбук Acer Aspire A315-58-37M9 Intel Core i3-1115G4 20GB DDR4 1TB HDD+256GB SSD FHD DOS Electric Blue,43030 сом,https://www.kivano.kg/images/product/115972/1673509774_07860600.jpg
Ноутбук Lenovo Ideapad 3 Intel Core i5-10210U 8GB DDR 1000GB HDD + 256GB SSD NVidia MX330 2GB FHD DOS серый,56060 сом,https://www.kivano.kg/images/product/102149/1641270382_24545500.jpg
